Model,Accuracy,Precision,Recall,F1,ROC-AUC
Logistic Regression,0.7868177136972193,0.11061946902654868,0.8064516129032258,0.19455252918287938,0.8715682910089224
Decision Tree,0.8733264675592173,0.17142857142857143,0.7741935483870968,0.2807017543859649,0.8729752916952642
Random Forest,0.8836251287332647,0.1693548387096774,0.6774193548387096,0.2709677419354839,0.881726149622512
Gradient Boosting,0.8949536560247168,0.18018018018018017,0.6451612903225806,0.28169014084507044,0.8865305422100206
XGBoost,0.9042224510813595,0.19607843137254902,0.6451612903225806,0.3007518796992481,0.8777796842827729
